<?xml version="1.0" encoding="UTF-8"?>
<project-private xmlns="http://www.netbeans.org/ns/project-private/1">
    <editor-bookmarks xmlns="http://www.netbeans.org/ns/editor-bookmarks/2" lastBookmarkId="0"/>
    <open-files xmlns="http://www.netbeans.org/ns/projectui-open-files/2">
        <group>
            <file>file:/Users/raani/Desktop/java_mini_project/RV%20Hotel%20Management/src/rv/hotel/management/SearchRoom.java</file>
            <file>file:/Users/raani/Desktop/java_mini_project/RV%20Hotel%20Management/src/rv/hotel/management/Dashboard.java</file>
            <file>file:/Users/raani/Desktop/java_mini_project/RV%20Hotel%20Management/src/rv/hotel/management/ManagerInfo.java</file>
            <file>file:/Users/raani/Desktop/java_mini_project/RV%20Hotel%20Management/src/rv/hotel/management/CustomerInfo.java</file>
            <file>file:/Users/raani/Desktop/java_mini_project/RV%20Hotel%20Management/src/rv/hotel/management/Department.java</file>
            <file>file:/Users/raani/Desktop/java_mini_project/RV%20Hotel%20Management/src/rv/hotel/management/Room.java</file>
            <file>file:/Users/raani/Desktop/java_mini_project/RV%20Hotel%20Management/src/rv/hotel/management/EmployeesInfo.java</file>
            <file>file:/Users/raani/Desktop/java_mini_project/RV%20Hotel%20Management/src/rv/hotel/management/AddEmployee.java</file>
            <file>file:/Users/raani/Desktop/java_mini_project/RV%20Hotel%20Management/src/rv/hotel/management/Login.java</file>
            <file>file:/Users/raani/Desktop/java_mini_project/RV%20Hotel%20Management/src/rv/hotel/management/RVHotelManagement.java</file>
            <file>file:/Users/raani/Desktop/java_mini_project/RV%20Hotel%20Management/src/rv/hotel/management/Conn.java</file>
            <file>file:/Users/raani/Desktop/java_mini_project/RV%20Hotel%20Management/src/rv/hotel/management/AddCustomer.java</file>
            <file>file:/Users/raani/Desktop/java_mini_project/RV%20Hotel%20Management/src/rv/hotel/management/UpdateCheck.java</file>
            <file>file:/Users/raani/Desktop/java_mini_project/RV%20Hotel%20Management/src/rv/hotel/management/AddRooms.java</file>
            <file>file:/Users/raani/Desktop/java_mini_project/RV%20Hotel%20Management/src/rv/hotel/management/AddDrivers.java</file>
            <file>file:/Users/raani/Desktop/java_mini_project/RV%20Hotel%20Management/src/rv/hotel/management/Reception.java</file>
        </group>
    </open-files>
</project-private>
